ref,sign,multiform,alexandrian
urn:cts:greekLit:tlg0012.tlg001.msA:18.1,none,f,f
urn:cts:greekLit:tlg0012.tlg001.msA:18.2,none,f,f
urn:cts:greekLit:tlg0012.tlg001.msA:18.3,none,f,f
urn:cts:greekLit:tlg0012.tlg001.msA:18.4,none,f,f
urn:cts:greekLit:tlg0012.tlg001.msA:18.5,none,f,f
urn:cts:greekLit:tlg0012.tlg001.msA:18.6,none,f,f
urn:cts:greekLit:tlg0012.tlg001.msA:18.7,>,f,f
urn:cts:greekLit:tlg0012.tlg001.msA:18.8,none,f,f
urn:cts:greekLit:tlg0012.tlg001.msA:18.9,none,f,f
urn:cts:greekLit:tlg0012.tlg001.msA:18.10,>,f,t
urn:cts:greekLit:tlg0012.tlg001.msA:18.11,none,f,f
urn:cts:greekLit:tlg0012.tlg001.msA:18.12,none,f,f
urn:cts:greekLit:tlg0012.tlg001.msA:18.13,none,f,f
urn:cts:greekLit:tlg0012.tlg001.msA:18.14,none,f,t
urn:cts:greekLit:tlg0012.tlg001.msA:18.15,none,f,f
urn:cts:greekLit:tlg0012.tlg001.msA:18.16,none,f,f
urn:cts:greekLit:tlg0012.tlg001.msA:18.17,none,f,f
urn:cts:greekLit:tlg0012.tlg001.msA:18.18,none,f,f
urn:cts:greekLit:tlg0012.tlg001.msA:18.19,none,f,f
urn:cts:greekLit:tlg0012.tlg001.msA:18.20,none,f,f
urn:cts:greekLit:tlg0012.tlg001.msA:18.21,none,f,f
urn:cts:greekLit:tlg0012.tlg001.msA:18.22,none,f,f
urn:cts:greekLit:tlg0012.tlg001.msA:18.23,>,f,f
urn:cts:greekLit:tlg0012.tlg001.msA:18.24,none,f,f
urn:cts:greekLit:tlg0012.tlg001.msA:18.25,none,f,f
urn:cts:greekLit:tlg0012.tlg001.msA:18.26,none,f,f
urn:cts:greekLit:tlg0012.tlg001.msA:18.27,none,f,f
urn:cts:greekLit:tlg0012.tlg001.msA:18.28,none,f,f
urn:cts:greekLit:tlg0012.tlg001.msA:18.29,none,f,f
urn:cts:greekLit:tlg0012.tlg001.msA:18.30,none,f,f
urn:cts:greekLit:tlg0012.tlg001.msA:18.31,none,f,f
urn:cts:greekLit:tlg0012.tlg001.msA:18.32,none,f,f
urn:cts:greekLit:tlg0012.tlg001.msA:18.33,none,f,f
urn:cts:greekLit:tlg0012.tlg001.msA:18.34,>,t,t
urn:cts:greekLit:tlg0012.tlg001.msA:18.35,none,f,f
urn:cts:greekLit:tlg0012.tlg001.msA:18.36,none,f,f
urn:cts:greekLit:tlg0012.tlg001.msA:18.37,none,f,f
urn:cts:greekLit:tlg0012.tlg001.msA:18.38,none,f,f
urn:cts:greekLit:tlg0012.tlg001.msA:18.39,—,f,f
urn:cts:greekLit:tlg0012.tlg001.msA:18.40,—,t,t
urn:cts:greekLit:tlg0012.tlg001.msA:18.41,—,f,f
urn:cts:greekLit:tlg0012.tlg001.msA:18.42,—,f,f
urn:cts:greekLit:tlg0012.tlg001.msA:18.43,—,f,f
urn:cts:greekLit:tlg0012.tlg001.msA:18.44,—,f,f
urn:cts:greekLit:tlg0012.tlg001.msA:18.45,—,f,f
urn:cts:greekLit:tlg0012.tlg001.msA:18.46,—,f,f
urn:cts:greekLit:tlg0012.tlg001.msA:18.47,—,f,f
urn:cts:greekLit:tlg0012.tlg001.msA:18.48,—,f,f
urn:cts:greekLit:tlg0012.tlg001.msA:18.49,—,f,f
urn:cts:greekLit:tlg0012.tlg001.msA:18.50,none,f,f
urn:cts:greekLit:tlg0012.tlg001.msA:18.51,none,f,f
urn:cts:greekLit:tlg0012.tlg001.msA:18.52,none,f,f
urn:cts:greekLit:tlg0012.tlg001.msA:18.53,none,t,f
urn:cts:greekLit:tlg0012.tlg001.msA:18.54,none,f,f
urn:cts:greekLit:tlg0012.tlg001.msA:18.55,none,f,f
urn:cts:greekLit:tlg0012.tlg001.msA:18.56,none,f,f
urn:cts:greekLit:tlg0012.tlg001.msA:18.57,>,f,f
urn:cts:greekLit:tlg0012.tlg001.msA:18.58,none,f,f
urn:cts:greekLit:tlg0012.tlg001.msA:18.59,none,f,f
urn:cts:greekLit:tlg0012.tlg001.msA:18.60,>,f,f
urn:cts:greekLit:tlg0012.tlg001.msA:18.61,none,f,f
urn:cts:greekLit:tlg0012.tlg001.msA:18.62,none,f,f
urn:cts:greekLit:tlg0012.tlg001.msA:18.63,none,f,f
urn:cts:greekLit:tlg0012.tlg001.msA:18.64,none,f,t
urn:cts:greekLit:tlg0012.tlg001.msA:18.65,none,f,f
urn:cts:greekLit:tlg0012.tlg001.msA:18.66,none,f,f
urn:cts:greekLit:tlg0012.tlg001.msA:18.67,none,f,f
urn:cts:greekLit:tlg0012.tlg001.msA:18.68,none,t,f
urn:cts:greekLit:tlg0012.tlg001.msA:18.69,none,f,f
urn:cts:greekLit:tlg0012.tlg001.msA:18.70,none,f,f
urn:cts:greekLit:tlg0012.tlg001.msA:18.71,none,f,f
urn:cts:greekLit:tlg0012.tlg001.msA:18.72,none,f,f
urn:cts:greekLit:tlg0012.tlg001.msA:18.73,none,f,f
urn:cts:greekLit:tlg0012.tlg001.msA:18.74,none,f,f
urn:cts:greekLit:tlg0012.tlg001.msA:18.75,none,f,f
urn:cts:greekLit:tlg0012.tlg001.msA:18.76,none,f,f
urn:cts:greekLit:tlg0012.tlg001.msA:18.77,>,f,t
urn:cts:greekLit:tlg0012.tlg001.msA:18.78,none,f,f
urn:cts:greekLit:tlg0012.tlg001.msA:18.79,none,f,f
urn:cts:greekLit:tlg0012.tlg001.msA:18.80,none,f,f
urn:cts:greekLit:tlg0012.tlg001.msA:18.81,none,f,f
urn:cts:greekLit:tlg0012.tlg001.msA:18.82,none,f,f
urn:cts:greekLit:tlg0012.tlg001.msA:18.83,none,f,f
urn:cts:greekLit:tlg0012.tlg001.msA:18.84,none,f,f
urn:cts:greekLit:tlg0012.tlg001.msA:18.85,none,f,f
urn:cts:greekLit:tlg0012.tlg001.msA:18.86,none,f,f
urn:cts:greekLit:tlg0012.tlg001.msA:18.87,none,f,f
urn:cts:greekLit:tlg0012.tlg001.msA:18.88,none,f,f
urn:cts:greekLit:tlg0012.tlg001.msA:18.89,none,f,f
urn:cts:greekLit:tlg0012.tlg001.msA:18.90,>,f,f
urn:cts:greekLit:tlg0012.tlg001.msA:18.91,none,f,f
urn:cts:greekLit:tlg0012.tlg001.msA:18.92,none,f,f
urn:cts:greekLit:tlg0012.tlg001.msA:18.93,>,f,f
urn:cts:greekLit:tlg0012.tlg001.msA:18.94,none,t,f
urn:cts:greekLit:tlg0012.tlg001.msA:18.95,none,f,f
urn:cts:greekLit:tlg0012.tlg001.msA:18.96,none,f,f
urn:cts:greekLit:tlg0012.tlg001.msA:18.97,none,f,f
urn:cts:greekLit:tlg0012.tlg001.msA:18.98,none,f,f
urn:cts:greekLit:tlg0012.tlg001.msA:18.99,none,f,f
urn:cts:greekLit:tlg0012.tlg001.msA:18.100,none,t,t
urn:cts:greekLit:tlg0012.tlg001.msA:18.101,none,f,f
urn:cts:greekLit:tlg0012.tlg001.msA:18.102,none,f,f
urn:cts:greekLit:tlg0012.tlg001.msA:18.103,>,f,f
urn:cts:greekLit:tlg0012.tlg001.msA:18.104,none,f,f
urn:cts:greekLit:tlg0012.tlg001.msA:18.105,none,f,f
urn:cts:greekLit:tlg0012.tlg001.msA:18.106,none,f,f
urn:cts:greekLit:tlg0012.tlg001.msA:18.107,none,f,f
urn:cts:greekLit:tlg0012.tlg001.msA:18.108,none,f,f
urn:cts:greekLit:tlg0012.tlg001.msA:18.109,none,f,f
urn:cts:greekLit:tlg0012.tlg001.msA:18.110,none,f,f
urn:cts:greekLit:tlg0012.tlg001.msA:18.111,none,f,f
urn:cts:greekLit:tlg0012.tlg001.msA:18.112,none,f,f
urn:cts:greekLit:tlg0012.tlg001.msA:18.113,none,f,f
urn:cts:greekLit:tlg0012.tlg001.msA:18.114,none,f,f
urn:cts:greekLit:tlg0012.tlg001.msA:18.115,none,f,f
urn:cts:greekLit:tlg0012.tlg001.msA:18.116,none,f,f
urn:cts:greekLit:tlg0012.tlg001.msA:18.117,>,f,f
urn:cts:greekLit:tlg0012.tlg001.msA:18.118,none,f,f
urn:cts:greekLit:tlg0012.tlg001.msA:18.119,none,f,f
urn:cts:greekLit:tlg0012.tlg001.msA:18.120,none,f,f
urn:cts:greekLit:tlg0012.tlg001.msA:18.121,none,f,f
urn:cts:greekLit:tlg0012.tlg001.msA:18.122,none,f,f
urn:cts:greekLit:tlg0012.tlg001.msA:18.123,none,f,f
urn:cts:greekLit:tlg0012.tlg001.msA:18.124,none,t,f
urn:cts:greekLit:tlg0012.tlg001.msA:18.125,>,f,f
urn:cts:greekLit:tlg0012.tlg001.msA:18.126,none,f,f
urn:cts:greekLit:tlg0012.tlg001.msA:18.127,none,f,f
urn:cts:greekLit:tlg0012.tlg001.msA:18.128,none,f,f
urn:cts:greekLit:tlg0012.tlg001.msA:18.129,none,f,f
urn:cts:greekLit:tlg0012.tlg001.msA:18.130,>,f,f
urn:cts:greekLit:tlg0012.tlg001.msA:18.131,none,f,f
urn:cts:greekLit:tlg0012.tlg001.msA:18.132,none,f,f
urn:cts:greekLit:tlg0012.tlg001.msA:18.133,none,f,f
urn:cts:greekLit:tlg0012.tlg001.msA:18.134,none,f,f
urn:cts:greekLit:tlg0012.tlg001.msA:18.135,none,f,f
urn:cts:greekLit:tlg0012.tlg001.msA:18.136,>,f,f
urn:cts:greekLit:tlg0012.tlg001.msA:18.137,none,f,f
urn:cts:greekLit:tlg0012.tlg001.msA:18.138,none,t,f
urn:cts:greekLit:tlg0012.tlg001.msA:18.139,none,f,f
urn:cts:greekLit:tlg0012.tlg001.msA:18.140,none,f,f
urn:cts:greekLit:tlg0012.tlg001.msA:18.141,none,f,f
urn:cts:greekLit:tlg0012.tlg001.msA:18.142,none,t,t
urn:cts:greekLit:tlg0012.tlg001.msA:18.143,none,f,f
urn:cts:greekLit:tlg0012.tlg001.msA:18.144,none,f,f
urn:cts:greekLit:tlg0012.tlg001.msA:18.145,none,f,f
urn:cts:greekLit:tlg0012.tlg001.msA:18.146,none,f,f
urn:cts:greekLit:tlg0012.tlg001.msA:18.147,none,f,f
urn:cts:greekLit:tlg0012.tlg001.msA:18.148,>,f,t
urn:cts:greekLit:tlg0012.tlg001.msA:18.149,none,f,f
urn:cts:greekLit:tlg0012.tlg001.msA:18.150,none,f,f
urn:cts:greekLit:tlg0012.tlg001.msA:18.151,none,t,f
urn:cts:greekLit:tlg0012.tlg001.msA:18.152,none,f,f
urn:cts:greekLit:tlg0012.tlg001.msA:18.153,none,f,f
urn:cts:greekLit:tlg0012.tlg001.msA:18.154,none,f,f
urn:cts:greekLit:tlg0012.tlg001.msA:18.155,⸖,f,f
urn:cts:greekLit:tlg0012.tlg001.msA:18.156,none,f,f
urn:cts:greekLit:tlg0012.tlg001.msA:18.157,none,f,f
urn:cts:greekLit:tlg0012.tlg001.msA:18.158,none,f,f
urn:cts:greekLit:tlg0012.tlg001.msA:18.159,none,f,f
urn:cts:greekLit:tlg0012.tlg001.msA:18.160,⸖,t,t
urn:cts:greekLit:tlg0012.tlg001.msA:18.161,>,f,f
urn:cts:greekLit:tlg0012.tlg001.msA:18.162,none,f,f
urn:cts:greekLit:tlg0012.tlg001.msA:18.163,none,f,f
urn:cts:greekLit:tlg0012.tlg001.msA:18.164,none,f,f
urn:cts:greekLit:tlg0012.tlg001.msA:18.165,none,f,f
urn:cts:greekLit:tlg0012.tlg001.msA:18.166,none,f,f
urn:cts:greekLit:tlg0012.tlg001.msA:18.167,none,f,f
urn:cts:greekLit:tlg0012.tlg001.msA:18.168,none,f,f
urn:cts:greekLit:tlg0012.tlg001.msA:18.169,none,f,f
urn:cts:greekLit:tlg0012.tlg001.msA:18.170,none,f,f
urn:cts:greekLit:tlg0012.tlg001.msA:18.171,none,t,t
urn:cts:greekLit:tlg0012.tlg001.msA:18.172,none,f,f
urn:cts:greekLit:tlg0012.tlg001.msA:18.173,none,f,f
urn:cts:greekLit:tlg0012.tlg001.msA:18.174,⸖,t,f
urn:cts:greekLit:tlg0012.tlg001.msA:18.175,none,f,f
urn:cts:greekLit:tlg0012.tlg001.msA:18.176,none,t,f
urn:cts:greekLit:tlg0012.tlg001.msA:18.177,none,f,f
urn:cts:greekLit:tlg0012.tlg001.msA:18.178,none,f,f
urn:cts:greekLit:tlg0012.tlg001.msA:18.179,none,f,f
urn:cts:greekLit:tlg0012.tlg001.msA:18.180,none,f,f
urn:cts:greekLit:tlg0012.tlg001.msA:18.181,none,f,f
urn:cts:greekLit:tlg0012.tlg001.msA:18.182,none,t,t
urn:cts:greekLit:tlg0012.tlg001.msA:18.183,none,f,f
urn:cts:greekLit:tlg0012.tlg001.msA:18.184,none,f,f
urn:cts:greekLit:tlg0012.tlg001.msA:18.185,none,f,f
urn:cts:greekLit:tlg0012.tlg001.msA:18.186,>,f,f
urn:cts:greekLit:tlg0012.tlg001.msA:18.187,none,f,f
urn:cts:greekLit:tlg0012.tlg001.msA:18.188,none,f,f
urn:cts:greekLit:tlg0012.tlg001.msA:18.189,none,f,f
urn:cts:greekLit:tlg0012.tlg001.msA:18.190,none,f,f
urn:cts:greekLit:tlg0012.tlg001.msA:18.191,>,f,t
urn:cts:greekLit:tlg0012.tlg001.msA:18.192,none,f,f
urn:cts:greekLit:tlg0012.tlg001.msA:18.193,none,f,f
urn:cts:greekLit:tlg0012.tlg001.msA:18.194,none,f,f
urn:cts:greekLit:tlg0012.tlg001.msA:18.195,none,f,f
urn:cts:greekLit:tlg0012.tlg001.msA:18.196,none,f,f
urn:cts:greekLit:tlg0012.tlg001.msA:18.197,>,t,f
urn:cts:greekLit:tlg0012.tlg001.msA:18.198,none,t,t
urn:cts:greekLit:tlg0012.tlg001.msA:18.199,none,f,f
urn:cts:greekLit:tlg0012.tlg001.msA:18.200,none,f,f
urn:cts:greekLit:tlg0012.tlg001.msA:18.201,none,f,f
urn:cts:greekLit:tlg0012.tlg001.msA:18.202,none,f,f
urn:cts:greekLit:tlg0012.tlg001.msA:18.203,none,f,f
urn:cts:greekLit:tlg0012.tlg001.msA:18.204,none,f,f
urn:cts:greekLit:tlg0012.tlg001.msA:18.205,none,f,f
urn:cts:greekLit:tlg0012.tlg001.msA:18.206,none,f,f
urn:cts:greekLit:tlg0012.tlg001.msA:18.207,none,t,t
urn:cts:greekLit:tlg0012.tlg001.msA:18.208,none,f,f
urn:cts:greekLit:tlg0012.tlg001.msA:18.209,none,f,f
urn:cts:greekLit:tlg0012.tlg001.msA:18.210,none,t,t
urn:cts:greekLit:tlg0012.tlg001.msA:18.211,none,f,f
urn:cts:greekLit:tlg0012.tlg001.msA:18.212,none,f,f
urn:cts:greekLit:tlg0012.tlg001.msA:18.213,none,t,t
urn:cts:greekLit:tlg0012.tlg001.msA:18.214,none,f,f
urn:cts:greekLit:tlg0012.tlg001.msA:18.215,none,f,f
urn:cts:greekLit:tlg0012.tlg001.msA:18.216,none,f,f
urn:cts:greekLit:tlg0012.tlg001.msA:18.217,none,f,f
urn:cts:greekLit:tlg0012.tlg001.msA:18.218,none,f,f
urn:cts:greekLit:tlg0012.tlg001.msA:18.219,none,f,f
urn:cts:greekLit:tlg0012.tlg001.msA:18.220,none,f,f
urn:cts:greekLit:tlg0012.tlg001.msA:18.221,none,f,f
urn:cts:greekLit:tlg0012.tlg001.msA:18.222,>,t,t
urn:cts:greekLit:tlg0012.tlg001.msA:18.223,none,f,f
urn:cts:greekLit:tlg0012.tlg001.msA:18.224,none,f,f
urn:cts:greekLit:tlg0012.tlg001.msA:18.225,none,f,f
urn:cts:greekLit:tlg0012.tlg001.msA:18.226,none,f,f
urn:cts:greekLit:tlg0012.tlg001.msA:18.227,none,t,f
urn:cts:greekLit:tlg0012.tlg001.msA:18.228,none,f,f
urn:cts:greekLit:tlg0012.tlg001.msA:18.229,none,f,f
urn:cts:greekLit:tlg0012.tlg001.msA:18.230,⸖,f,t
urn:cts:greekLit:tlg0012.tlg001.msA:18.231,none,t,f
urn:cts:greekLit:tlg0012.tlg001.msA:18.232,none,f,f
urn:cts:greekLit:tlg0012.tlg001.msA:18.233,none,f,f
urn:cts:greekLit:tlg0012.tlg001.msA:18.234,none,f,f
urn:cts:greekLit:tlg0012.tlg001.msA:18.235,none,f,f
urn:cts:greekLit:tlg0012.tlg001.msA:18.236,>,f,f
urn:cts:greekLit:tlg0012.tlg001.msA:18.237,none,f,f
urn:cts:greekLit:tlg0012.tlg001.msA:18.238,none,f,f
urn:cts:greekLit:tlg0012.tlg001.msA:18.239,>,t,f
urn:cts:greekLit:tlg0012.tlg001.msA:18.240,none,f,f
urn:cts:greekLit:tlg0012.tlg001.msA:18.241,none,f,f
urn:cts:greekLit:tlg0012.tlg001.msA:18.242,none,f,f
urn:cts:greekLit:tlg0012.tlg001.msA:18.243,none,t,f
urn:cts:greekLit:tlg0012.tlg001.msA:18.244,none,f,f
urn:cts:greekLit:tlg0012.tlg001.msA:18.245,none,f,f
urn:cts:greekLit:tlg0012.tlg001.msA:18.246,none,f,f
urn:cts:greekLit:tlg0012.tlg001.msA:18.247,⸖,t,t
urn:cts:greekLit:tlg0012.tlg001.msA:18.248,none,f,f
urn:cts:greekLit:tlg0012.tlg001.msA:18.249,none,f,f
urn:cts:greekLit:tlg0012.tlg001.msA:18.250,none,f,f
urn:cts:greekLit:tlg0012.tlg001.msA:18.251,none,f,f
urn:cts:greekLit:tlg0012.tlg001.msA:18.252,none,f,f
urn:cts:greekLit:tlg0012.tlg001.msA:18.253,none,f,f
urn:cts:greekLit:tlg0012.tlg001.msA:18.254,none,f,f
urn:cts:greekLit:tlg0012.tlg001.msA:18.255,none,f,f
urn:cts:greekLit:tlg0012.tlg001.msA:18.256,none,f,f
urn:cts:greekLit:tlg0012.tlg001.msA:18.257,none,f,f
urn:cts:greekLit:tlg0012.tlg001.msA:18.258,none,f,f
urn:cts:greekLit:tlg0012.tlg001.msA:18.259,none,f,f
urn:cts:greekLit:tlg0012.tlg001.msA:18.260,none,f,f
urn:cts:greekLit:tlg0012.tlg001.msA:18.261,none,f,f
urn:cts:greekLit:tlg0012.tlg001.msA:18.262,none,f,f
urn:cts:greekLit:tlg0012.tlg001.msA:18.263,none,f,f
urn:cts:greekLit:tlg0012.tlg001.msA:18.264,none,f,f
urn:cts:greekLit:tlg0012.tlg001.msA:18.265,>,t,f
urn:cts:greekLit:tlg0012.tlg001.msA:18.266,none,f,f
urn:cts:greekLit:tlg0012.tlg001.msA:18.267,none,f,f
urn:cts:greekLit:tlg0012.tlg001.msA:18.268,none,f,f
urn:cts:greekLit:tlg0012.tlg001.msA:18.269,none,f,f
urn:cts:greekLit:tlg0012.tlg001.msA:18.270,none,f,f
urn:cts:greekLit:tlg0012.tlg001.msA:18.271,none,f,f
urn:cts:greekLit:tlg0012.tlg001.msA:18.272,>,f,f
urn:cts:greekLit:tlg0012.tlg001.msA:18.273,none,t,f
urn:cts:greekLit:tlg0012.tlg001.msA:18.274,>,f,f
urn:cts:greekLit:tlg0012.tlg001.msA:18.275,none,f,f
urn:cts:greekLit:tlg0012.tlg001.msA:18.276,none,f,f
urn:cts:greekLit:tlg0012.tlg001.msA:18.277,none,f,f
urn:cts:greekLit:tlg0012.tlg001.msA:18.278,none,f,f
urn:cts:greekLit:tlg0012.tlg001.msA:18.279,none,f,f
urn:cts:greekLit:tlg0012.tlg001.msA:18.280,none,f,f
urn:cts:greekLit:tlg0012.tlg001.msA:18.281,none,f,f
urn:cts:greekLit:tlg0012.tlg001.msA:18.282,none,f,f
urn:cts:greekLit:tlg0012.tlg001.msA:18.283,>,f,f
urn:cts:greekLit:tlg0012.tlg001.msA:18.284,none,f,f
urn:cts:greekLit:tlg0012.tlg001.msA:18.285,none,f,f
urn:cts:greekLit:tlg0012.tlg001.msA:18.286,none,f,f
urn:cts:greekLit:tlg0012.tlg001.msA:18.287,⸖,t,t
urn:cts:greekLit:tlg0012.tlg001.msA:18.288,none,f,f
urn:cts:greekLit:tlg0012.tlg001.msA:18.289,none,f,f
urn:cts:greekLit:tlg0012.tlg001.msA:18.290,none,f,f
urn:cts:greekLit:tlg0012.tlg001.msA:18.291,>,f,f
urn:cts:greekLit:tlg0012.tlg001.msA:18.292,none,f,f
urn:cts:greekLit:tlg0012.tlg001.msA:18.293,none,f,f
urn:cts:greekLit:tlg0012.tlg001.msA:18.294,none,f,f
urn:cts:greekLit:tlg0012.tlg001.msA:18.295,none,f,f
urn:cts:greekLit:tlg0012.tlg001.msA:18.296,none,f,f
urn:cts:greekLit:tlg0012.tlg001.msA:18.297,none,f,f
urn:cts:greekLit:tlg0012.tlg001.msA:18.298,none,f,f
urn:cts:greekLit:tlg0012.tlg001.msA:18.299,none,f,f
urn:cts:greekLit:tlg0012.tlg001.msA:18.300,none,f,f
urn:cts:greekLit:tlg0012.tlg001.msA:18.301,none,f,f
urn:cts:greekLit:tlg0012.tlg001.msA:18.302,none,f,f
urn:cts:greekLit:tlg0012.tlg001.msA:18.303,none,f,f
urn:cts:greekLit:tlg0012.tlg001.msA:18.304,none,f,f
urn:cts:greekLit:tlg0012.tlg001.msA:18.305,none,f,f
urn:cts:greekLit:tlg0012.tlg001.msA:18.306,none,f,f
urn:cts:greekLit:tlg0012.tlg001.msA:18.307,none,f,f
urn:cts:greekLit:tlg0012.tlg001.msA:18.308,none,f,f
urn:cts:greekLit:tlg0012.tlg001.msA:18.309,none,f,f
urn:cts:greekLit:tlg0012.tlg001.msA:18.310,none,f,f
urn:cts:greekLit:tlg0012.tlg001.msA:18.311,none,f,f
urn:cts:greekLit:tlg0012.tlg001.msA:18.312,none,f,f
urn:cts:greekLit:tlg0012.tlg001.msA:18.313,none,f,f
urn:cts:greekLit:tlg0012.tlg001.msA:18.314,none,f,f
urn:cts:greekLit:tlg0012.tlg001.msA:18.315,none,f,f
urn:cts:greekLit:tlg0012.tlg001.msA:18.316,none,f,f
urn:cts:greekLit:tlg0012.tlg001.msA:18.317,none,f,f
urn:cts:greekLit:tlg0012.tlg001.msA:18.318,none,f,f
urn:cts:greekLit:tlg0012.tlg001.msA:18.319,>,f,f
urn:cts:greekLit:tlg0012.tlg001.msA:18.320,none,f,f
urn:cts:greekLit:tlg0012.tlg001.msA:18.321,none,f,f
urn:cts:greekLit:tlg0012.tlg001.msA:18.322,none,f,f
urn:cts:greekLit:tlg0012.tlg001.msA:18.323,none,f,f
urn:cts:greekLit:tlg0012.tlg001.msA:18.324,none,f,f
urn:cts:greekLit:tlg0012.tlg001.msA:18.325,none,f,f
urn:cts:greekLit:tlg0012.tlg001.msA:18.326,none,f,f
urn:cts:greekLit:tlg0012.tlg001.msA:18.327,none,f,f
urn:cts:greekLit:tlg0012.tlg001.msA:18.328,none,f,f
urn:cts:greekLit:tlg0012.tlg001.msA:18.329,none,f,f
urn:cts:greekLit:tlg0012.tlg001.msA:18.330,none,f,f
urn:cts:greekLit:tlg0012.tlg001.msA:18.331,none,f,f
urn:cts:greekLit:tlg0012.tlg001.msA:18.332,>,f,f
urn:cts:greekLit:tlg0012.tlg001.msA:18.333,none,f,f
urn:cts:greekLit:tlg0012.tlg001.msA:18.334,none,f,f
urn:cts:greekLit:tlg0012.tlg001.msA:18.335,none,f,f
urn:cts:greekLit:tlg0012.tlg001.msA:18.336,none,f,f
urn:cts:greekLit:tlg0012.tlg001.msA:18.337,none,f,f
urn:cts:greekLit:tlg0012.tlg001.msA:18.338,none,f,f
urn:cts:greekLit:tlg0012.tlg001.msA:18.339,none,f,f
urn:cts:greekLit:tlg0012.tlg001.msA:18.340,none,f,f
urn:cts:greekLit:tlg0012.tlg001.msA:18.341,none,f,f
urn:cts:greekLit:tlg0012.tlg001.msA:18.342,none,f,f
urn:cts:greekLit:tlg0012.tlg001.msA:18.343,none,f,f
urn:cts:greekLit:tlg0012.tlg001.msA:18.344,none,f,f
urn:cts:greekLit:tlg0012.tlg001.msA:18.345,none,f,f
urn:cts:greekLit:tlg0012.tlg001.msA:18.346,none,f,f
urn:cts:greekLit:tlg0012.tlg001.msA:18.347,none,f,f
urn:cts:greekLit:tlg0012.tlg001.msA:18.348,none,f,f
urn:cts:greekLit:tlg0012.tlg001.msA:18.349,none,f,f
urn:cts:greekLit:tlg0012.tlg001.msA:18.350,none,f,f
urn:cts:greekLit:tlg0012.tlg001.msA:18.351,>,f,f
urn:cts:greekLit:tlg0012.tlg001.msA:18.352,>,f,t
urn:cts:greekLit:tlg0012.tlg001.msA:18.353,none,f,f
urn:cts:greekLit:tlg0012.tlg001.msA:18.354,none,f,f
urn:cts:greekLit:tlg0012.tlg001.msA:18.355,none,f,f
urn:cts:greekLit:tlg0012.tlg001.msA:18.356,>,f,f
urn:cts:greekLit:tlg0012.tlg001.msA:18.357,none,f,f
urn:cts:greekLit:tlg0012.tlg001.msA:18.358,none,f,f
urn:cts:greekLit:tlg0012.tlg001.msA:18.359,none,f,f
urn:cts:greekLit:tlg0012.tlg001.msA:18.360,none,f,f
urn:cts:greekLit:tlg0012.tlg001.msA:18.361,none,f,f
urn:cts:greekLit:tlg0012.tlg001.msA:18.362,none,f,f
urn:cts:greekLit:tlg0012.tlg001.msA:18.363,none,f,f
urn:cts:greekLit:tlg0012.tlg001.msA:18.364,none,t,t
urn:cts:greekLit:tlg0012.tlg001.msA:18.365,none,f,f
urn:cts:greekLit:tlg0012.tlg001.msA:18.366,none,f,f
urn:cts:greekLit:tlg0012.tlg001.msA:18.367,none,f,f
urn:cts:greekLit:tlg0012.tlg001.msA:18.368,none,f,f
urn:cts:greekLit:tlg0012.tlg001.msA:18.369,none,f,f
urn:cts:greekLit:tlg0012.tlg001.msA:18.370,none,f,f
urn:cts:greekLit:tlg0012.tlg001.msA:18.371,none,f,f
urn:cts:greekLit:tlg0012.tlg001.msA:18.372,none,f,f
urn:cts:greekLit:tlg0012.tlg001.msA:18.373,>,f,f
urn:cts:greekLit:tlg0012.tlg001.msA:18.374,none,f,f
urn:cts:greekLit:tlg0012.tlg001.msA:18.375,none,t,f
urn:cts:greekLit:tlg0012.tlg001.msA:18.376,>,t,f
urn:cts:greekLit:tlg0012.tlg001.msA:18.377,none,f,f
urn:cts:greekLit:tlg0012.tlg001.msA:18.378,none,f,f
urn:cts:greekLit:tlg0012.tlg001.msA:18.379,none,f,f
urn:cts:greekLit:tlg0012.tlg001.msA:18.380,none,f,f
urn:cts:greekLit:tlg0012.tlg001.msA:18.381,none,t,f
urn:cts:greekLit:tlg0012.tlg001.msA:18.382,none,f,f
urn:cts:greekLit:tlg0012.tlg001.msA:18.383,none,f,f
urn:cts:greekLit:tlg0012.tlg001.msA:18.384,none,f,f
urn:cts:greekLit:tlg0012.tlg001.msA:18.385,none,t,t
urn:cts:greekLit:tlg0012.tlg001.msA:18.386,none,f,f
urn:cts:greekLit:tlg0012.tlg001.msA:18.387,none,f,f
urn:cts:greekLit:tlg0012.tlg001.msA:18.388,none,f,f
urn:cts:greekLit:tlg0012.tlg001.msA:18.389,none,f,f
urn:cts:greekLit:tlg0012.tlg001.msA:18.390,none,f,f
urn:cts:greekLit:tlg0012.tlg001.msA:18.391,none,f,f
urn:cts:greekLit:tlg0012.tlg001.msA:18.392,>,f,f
urn:cts:greekLit:tlg0012.tlg001.msA:18.393,none,f,f
urn:cts:greekLit:tlg0012.tlg001.msA:18.394,none,f,f
urn:cts:greekLit:tlg0012.tlg001.msA:18.395,none,f,f
urn:cts:greekLit:tlg0012.tlg001.msA:18.396,none,f,f
urn:cts:greekLit:tlg0012.tlg001.msA:18.397,none,f,f
urn:cts:greekLit:tlg0012.tlg001.msA:18.398,none,f,f
urn:cts:greekLit:tlg0012.tlg001.msA:18.399,none,f,f
urn:cts:greekLit:tlg0012.tlg001.msA:18.400,none,t,t
urn:cts:greekLit:tlg0012.tlg001.msA:18.401,none,f,f
urn:cts:greekLit:tlg0012.tlg001.msA:18.402,none,f,f
urn:cts:greekLit:tlg0012.tlg001.msA:18.403,none,f,f
urn:cts:greekLit:tlg0012.tlg001.msA:18.404,none,t,f
urn:cts:greekLit:tlg0012.tlg001.msA:18.405,none,f,f
urn:cts:greekLit:tlg0012.tlg001.msA:18.406,none,f,f
urn:cts:greekLit:tlg0012.tlg001.msA:18.407,none,f,t
urn:cts:greekLit:tlg0012.tlg001.msA:18.408,none,f,f
urn:cts:greekLit:tlg0012.tlg001.msA:18.409,none,f,f
urn:cts:greekLit:tlg0012.tlg001.msA:18.410,none,t,f
urn:cts:greekLit:tlg0012.tlg001.msA:18.411,none,f,f
urn:cts:greekLit:tlg0012.tlg001.msA:18.412,none,f,f
urn:cts:greekLit:tlg0012.tlg001.msA:18.413,>,f,f
urn:cts:greekLit:tlg0012.tlg001.msA:18.414,none,f,f
urn:cts:greekLit:tlg0012.tlg001.msA:18.415,none,f,f
urn:cts:greekLit:tlg0012.tlg001.msA:18.416,>,f,f
urn:cts:greekLit:tlg0012.tlg001.msA:18.417,none,f,f
urn:cts:greekLit:tlg0012.tlg001.msA:18.418,none,f,f
urn:cts:greekLit:tlg0012.tlg001.msA:18.419,none,f,f
urn:cts:greekLit:tlg0012.tlg001.msA:18.420,none,f,f
urn:cts:greekLit:tlg0012.tlg001.msA:18.421,none,f,f
urn:cts:greekLit:tlg0012.tlg001.msA:18.422,none,f,f
urn:cts:greekLit:tlg0012.tlg001.msA:18.423,none,f,f
urn:cts:greekLit:tlg0012.tlg001.msA:18.424,none,t,t
urn:cts:greekLit:tlg0012.tlg001.msA:18.425,none,f,f
urn:cts:greekLit:tlg0012.tlg001.msA:18.426,none,t,f
urn:cts:greekLit:tlg0012.tlg001.msA:18.427,none,f,f
urn:cts:greekLit:tlg0012.tlg001.msA:18.428,none,f,f
urn:cts:greekLit:tlg0012.tlg001.msA:18.429,none,f,f
urn:cts:greekLit:tlg0012.tlg001.msA:18.430,none,f,f
urn:cts:greekLit:tlg0012.tlg001.msA:18.431,none,f,f
urn:cts:greekLit:tlg0012.tlg001.msA:18.432,none,f,f
urn:cts:greekLit:tlg0012.tlg001.msA:18.433,none,f,f
urn:cts:greekLit:tlg0012.tlg001.msA:18.434,none,f,f
urn:cts:greekLit:tlg0012.tlg001.msA:18.435,none,f,f
urn:cts:greekLit:tlg0012.tlg001.msA:18.436,none,t,f
urn:cts:greekLit:tlg0012.tlg001.msA:18.437,none,f,f
urn:cts:greekLit:tlg0012.tlg001.msA:18.438,>,f,f
urn:cts:greekLit:tlg0012.tlg001.msA:18.439,none,f,f
urn:cts:greekLit:tlg0012.tlg001.msA:18.440,none,f,f
urn:cts:greekLit:tlg0012.tlg001.msA:18.441,none,f,f
urn:cts:greekLit:tlg0012.tlg001.msA:18.442,none,f,f
urn:cts:greekLit:tlg0012.tlg001.msA:18.443,none,f,f
urn:cts:greekLit:tlg0012.tlg001.msA:18.444,—,f,f
urn:cts:greekLit:tlg0012.tlg001.msA:18.445,—,f,f
urn:cts:greekLit:tlg0012.tlg001.msA:18.446,—,f,f
urn:cts:greekLit:tlg0012.tlg001.msA:18.447,—,f,f
urn:cts:greekLit:tlg0012.tlg001.msA:18.448,—,f,f
urn:cts:greekLit:tlg0012.tlg001.msA:18.449,—,f,f
urn:cts:greekLit:tlg0012.tlg001.msA:18.450,—,f,f
urn:cts:greekLit:tlg0012.tlg001.msA:18.451,—,f,f
urn:cts:greekLit:tlg0012.tlg001.msA:18.452,—,f,f
urn:cts:greekLit:tlg0012.tlg001.msA:18.453,—,f,f
urn:cts:greekLit:tlg0012.tlg001.msA:18.454,—,f,f
urn:cts:greekLit:tlg0012.tlg001.msA:18.455,—,f,f
urn:cts:greekLit:tlg0012.tlg001.msA:18.456,—,f,f
urn:cts:greekLit:tlg0012.tlg001.msA:18.457,none,f,f
urn:cts:greekLit:tlg0012.tlg001.msA:18.458,none,f,f
urn:cts:greekLit:tlg0012.tlg001.msA:18.459,none,f,f
urn:cts:greekLit:tlg0012.tlg001.msA:18.460,>,f,f
urn:cts:greekLit:tlg0012.tlg001.msA:18.461,>,t,f
urn:cts:greekLit:tlg0012.tlg001.msA:18.462,none,f,f
urn:cts:greekLit:tlg0012.tlg001.msA:18.463,none,f,f
urn:cts:greekLit:tlg0012.tlg001.msA:18.464,none,f,f
urn:cts:greekLit:tlg0012.tlg001.msA:18.465,none,f,f
urn:cts:greekLit:tlg0012.tlg001.msA:18.466,none,t,t
urn:cts:greekLit:tlg0012.tlg001.msA:18.467,none,f,f
urn:cts:greekLit:tlg0012.tlg001.msA:18.468,none,f,f
urn:cts:greekLit:tlg0012.tlg001.msA:18.469,none,f,f
urn:cts:greekLit:tlg0012.tlg001.msA:18.470,>,f,f
urn:cts:greekLit:tlg0012.tlg001.msA:18.471,none,f,f
urn:cts:greekLit:tlg0012.tlg001.msA:18.472,none,f,f
urn:cts:greekLit:tlg0012.tlg001.msA:18.473,none,f,f
urn:cts:greekLit:tlg0012.tlg001.msA:18.474,none,f,f
urn:cts:greekLit:tlg0012.tlg001.msA:18.475,none,f,f
urn:cts:greekLit:tlg0012.tlg001.msA:18.476,none,f,f
urn:cts:greekLit:tlg0012.tlg001.msA:18.477,none,t,t
urn:cts:greekLit:tlg0012.tlg001.msA:18.478,none,f,f
urn:cts:greekLit:tlg0012.tlg001.msA:18.479,none,f,f
urn:cts:greekLit:tlg0012.tlg001.msA:18.480,none,f,f
urn:cts:greekLit:tlg0012.tlg001.msA:18.481,none,f,f
urn:cts:greekLit:tlg0012.tlg001.msA:18.482,none,f,f
urn:cts:greekLit:tlg0012.tlg001.msA:18.483,none,f,t
urn:cts:greekLit:tlg0012.tlg001.msA:18.484,none,f,f
urn:cts:greekLit:tlg0012.tlg001.msA:18.485,none,t,t
urn:cts:greekLit:tlg0012.tlg001.msA:18.486,none,f,f
urn:cts:greekLit:tlg0012.tlg001.msA:18.487,none,f,f
urn:cts:greekLit:tlg0012.tlg001.msA:18.488,none,f,f
urn:cts:greekLit:tlg0012.tlg001.msA:18.489,none,f,f
urn:cts:greekLit:tlg0012.tlg001.msA:18.490,none,f,t
urn:cts:greekLit:tlg0012.tlg001.msA:18.491,none,f,f
urn:cts:greekLit:tlg0012.tlg001.msA:18.492,>,t,t
urn:cts:greekLit:tlg0012.tlg001.msA:18.493,none,f,f
urn:cts:greekLit:tlg0012.tlg001.msA:18.494,none,f,f
urn:cts:greekLit:tlg0012.tlg001.msA:18.495,>,f,f
urn:cts:greekLit:tlg0012.tlg001.msA:18.496,>,f,f
urn:cts:greekLit:tlg0012.tlg001.msA:18.497,none,f,f
urn:cts:greekLit:tlg0012.tlg001.msA:18.498,none,f,f
urn:cts:greekLit:tlg0012.tlg001.msA:18.499,none,f,f
urn:cts:greekLit:tlg0012.tlg001.msA:18.500,none,f,f
urn:cts:greekLit:tlg0012.tlg001.msA:18.501,none,t,f
urn:cts:greekLit:tlg0012.tlg001.msA:18.502,>,t,t
urn:cts:greekLit:tlg0012.tlg001.msA:18.503,none,f,f
urn:cts:greekLit:tlg0012.tlg001.msA:18.504,none,f,f
urn:cts:greekLit:tlg0012.tlg001.msA:18.505,none,f,f
urn:cts:greekLit:tlg0012.tlg001.msA:18.506,none,t,t
urn:cts:greekLit:tlg0012.tlg001.msA:18.507,none,f,f
urn:cts:greekLit:tlg0012.tlg001.msA:18.508,none,f,f
urn:cts:greekLit:tlg0012.tlg001.msA:18.509,none,f,f
urn:cts:greekLit:tlg0012.tlg001.msA:18.510,none,f,f
urn:cts:greekLit:tlg0012.tlg001.msA:18.511,none,f,f
urn:cts:greekLit:tlg0012.tlg001.msA:18.512,>,f,f
urn:cts:greekLit:tlg0012.tlg001.msA:18.513,none,f,f
urn:cts:greekLit:tlg0012.tlg001.msA:18.514,none,f,f
urn:cts:greekLit:tlg0012.tlg001.msA:18.515,none,t,f
urn:cts:greekLit:tlg0012.tlg001.msA:18.516,none,f,f
urn:cts:greekLit:tlg0012.tlg001.msA:18.517,none,f,f
urn:cts:greekLit:tlg0012.tlg001.msA:18.518,none,f,f
urn:cts:greekLit:tlg0012.tlg001.msA:18.519,>,f,f
urn:cts:greekLit:tlg0012.tlg001.msA:18.520,none,f,f
urn:cts:greekLit:tlg0012.tlg001.msA:18.521,none,f,f
urn:cts:greekLit:tlg0012.tlg001.msA:18.522,none,f,f
urn:cts:greekLit:tlg0012.tlg001.msA:18.523,none,f,f
urn:cts:greekLit:tlg0012.tlg001.msA:18.524,none,f,f
urn:cts:greekLit:tlg0012.tlg001.msA:18.525,none,f,f
urn:cts:greekLit:tlg0012.tlg001.msA:18.526,none,t,t
urn:cts:greekLit:tlg0012.tlg001.msA:18.527,none,f,f
urn:cts:greekLit:tlg0012.tlg001.msA:18.528,none,t,t
urn:cts:greekLit:tlg0012.tlg001.msA:18.529,none,f,f
urn:cts:greekLit:tlg0012.tlg001.msA:18.530,none,f,f
urn:cts:greekLit:tlg0012.tlg001.msA:18.531,none,f,f
urn:cts:greekLit:tlg0012.tlg001.msA:18.532,none,f,f
urn:cts:greekLit:tlg0012.tlg001.msA:18.533,none,f,f
urn:cts:greekLit:tlg0012.tlg001.msA:18.534,none,f,f
urn:cts:greekLit:tlg0012.tlg001.msA:18.535,none,f,f
urn:cts:greekLit:tlg0012.tlg001.msA:18.536,none,f,f
urn:cts:greekLit:tlg0012.tlg001.msA:18.537,none,t,t
urn:cts:greekLit:tlg0012.tlg001.msA:18.538,none,t,f
urn:cts:greekLit:tlg0012.tlg001.msA:18.539,none,f,f
urn:cts:greekLit:tlg0012.tlg001.msA:18.540,>,f,t
urn:cts:greekLit:tlg0012.tlg001.msA:18.541,none,f,f
urn:cts:greekLit:tlg0012.tlg001.msA:18.542,none,f,f
urn:cts:greekLit:tlg0012.tlg001.msA:18.543,none,f,f
urn:cts:greekLit:tlg0012.tlg001.msA:18.544,none,f,f
urn:cts:greekLit:tlg0012.tlg001.msA:18.545,none,f,f
urn:cts:greekLit:tlg0012.tlg001.msA:18.546,none,f,f
urn:cts:greekLit:tlg0012.tlg001.msA:18.547,none,f,f
urn:cts:greekLit:tlg0012.tlg001.msA:18.548,none,f,f
urn:cts:greekLit:tlg0012.tlg001.msA:18.549,none,f,t
urn:cts:greekLit:tlg0012.tlg001.msA:18.550,>,t,f
urn:cts:greekLit:tlg0012.tlg001.msA:18.551,none,f,f
urn:cts:greekLit:tlg0012.tlg001.msA:18.552,none,f,f
urn:cts:greekLit:tlg0012.tlg001.msA:18.553,none,f,f
urn:cts:greekLit:tlg0012.tlg001.msA:18.554,none,f,f
urn:cts:greekLit:tlg0012.tlg001.msA:18.555,none,f,f
urn:cts:greekLit:tlg0012.tlg001.msA:18.556,none,f,f
urn:cts:greekLit:tlg0012.tlg001.msA:18.557,none,f,t
urn:cts:greekLit:tlg0012.tlg001.msA:18.558,none,f,f
urn:cts:greekLit:tlg0012.tlg001.msA:18.559,none,f,f
urn:cts:greekLit:tlg0012.tlg001.msA:18.560,>,f,f
urn:cts:greekLit:tlg0012.tlg001.msA:18.561,none,f,f
urn:cts:greekLit:tlg0012.tlg001.msA:18.562,none,f,f
urn:cts:greekLit:tlg0012.tlg001.msA:18.563,none,f,t
urn:cts:greekLit:tlg0012.tlg001.msA:18.564,none,f,f
urn:cts:greekLit:tlg0012.tlg001.msA:18.565,none,t,t
urn:cts:greekLit:tlg0012.tlg001.msA:18.566,none,f,f
urn:cts:greekLit:tlg0012.tlg001.msA:18.567,none,f,f
urn:cts:greekLit:tlg0012.tlg001.msA:18.568,none,f,f
urn:cts:greekLit:tlg0012.tlg001.msA:18.569,none,f,f
urn:cts:greekLit:tlg0012.tlg001.msA:18.570,>,t,t
urn:cts:greekLit:tlg0012.tlg001.msA:18.571,none,f,f
urn:cts:greekLit:tlg0012.tlg001.msA:18.572,none,f,f
urn:cts:greekLit:tlg0012.tlg001.msA:18.573,none,f,f
urn:cts:greekLit:tlg0012.tlg001.msA:18.574,none,f,f
urn:cts:greekLit:tlg0012.tlg001.msA:18.575,none,f,f
urn:cts:greekLit:tlg0012.tlg001.msA:18.576,none,t,t
urn:cts:greekLit:tlg0012.tlg001.msA:18.577,none,f,f
urn:cts:greekLit:tlg0012.tlg001.msA:18.578,none,f,f
urn:cts:greekLit:tlg0012.tlg001.msA:18.579,none,t,t
urn:cts:greekLit:tlg0012.tlg001.msA:18.580,none,f,f
urn:cts:greekLit:tlg0012.tlg001.msA:18.581,none,t,t
urn:cts:greekLit:tlg0012.tlg001.msA:18.582,none,f,f
urn:cts:greekLit:tlg0012.tlg001.msA:18.583,>,f,f
urn:cts:greekLit:tlg0012.tlg001.msA:18.584,⸖,t,t
urn:cts:greekLit:tlg0012.tlg001.msA:18.585,none,f,f
urn:cts:greekLit:tlg0012.tlg001.msA:18.586,none,f,f
urn:cts:greekLit:tlg0012.tlg001.msA:18.587,none,f,f
urn:cts:greekLit:tlg0012.tlg001.msA:18.588,none,f,f
urn:cts:greekLit:tlg0012.tlg001.msA:18.589,>,f,f
urn:cts:greekLit:tlg0012.tlg001.msA:18.590,>,f,f
urn:cts:greekLit:tlg0012.tlg001.msA:18.591,none,f,f
urn:cts:greekLit:tlg0012.tlg001.msA:18.592,none,t,t
urn:cts:greekLit:tlg0012.tlg001.msA:18.593,none,f,f
urn:cts:greekLit:tlg0012.tlg001.msA:18.594,none,f,f
urn:cts:greekLit:tlg0012.tlg001.msA:18.595,>,t,f
urn:cts:greekLit:tlg0012.tlg001.msA:18.596,>,f,f
urn:cts:greekLit:tlg0012.tlg001.msA:18.597,—,f,t
urn:cts:greekLit:tlg0012.tlg001.msA:18.598,—,f,f
urn:cts:greekLit:tlg0012.tlg001.msA:18.599,none,f,f
urn:cts:greekLit:tlg0012.tlg001.msA:18.600,none,t,f
urn:cts:greekLit:tlg0012.tlg001.msA:18.601,none,f,f
urn:cts:greekLit:tlg0012.tlg001.msA:18.602,none,f,f
urn:cts:greekLit:tlg0012.tlg001.msA:18.603,none,f,f
urn:cts:greekLit:tlg0012.tlg001.msA:18.604_605,none,f,f
urn:cts:greekLit:tlg0012.tlg001.msA:18.606,none,f,f
urn:cts:greekLit:tlg0012.tlg001.msA:18.607,none,f,f
urn:cts:greekLit:tlg0012.tlg001.msA:18.608,none,f,f
urn:cts:greekLit:tlg0012.tlg001.msA:18.609,none,f,f
urn:cts:greekLit:tlg0012.tlg001.msA:18.610,none,f,f
urn:cts:greekLit:tlg0012.tlg001.msA:18.611,none,f,f
urn:cts:greekLit:tlg0012.tlg001.msA:18.612,none,f,f
urn:cts:greekLit:tlg0012.tlg001.msA:18.613,none,f,f
urn:cts:greekLit:tlg0012.tlg001.msA:18.614,none,f,f
urn:cts:greekLit:tlg0012.tlg001.msA:18.615,none,f,f
urn:cts:greekLit:tlg0012.tlg001.msA:18.616,none,f,f
urn:cts:greekLit:tlg0012.tlg001.msA:18.617,none,t,f
